,Khoảng giá
0,5.8
1,8.5
2,9.4
3,14.5
4,4.8
5,7.2
6,7.45
7,4.5
8,12.1
9,11.2
10,4.95
11,5.6
12,6.95
13,39.0
14,4.8
15,4.3
16,7.35
17,7.95
18,6.65
19,12.9
20,5.1
21,8.8
22,38.0
23,29.5
24,12.3
25,22.98
26,5.88
27,9.29
28,11.0
29,23.8
30,8.36
31,6.4
32,4.86
33,6.89
34,56.0
35,4.79
36,9.3
37,7.5
38,3.3
39,42.0
40,8.6
41,2.2
42,17.5
43,9.4
44,115.0
45,8.66
46,12.8
47,21.5
48,6.9
49,6.7
50,7.5
51,120.0
52,93.0
53,6.39
54,14.5
55,11.2
56,8.8
57,35.9
58,3.99
59,6.98
60,7.85
61,4.65
62,7.3
63,6.8
64,35.0
65,10.0
66,5.8
67,13.5
68,10.6
69,7.6
70,8.65
71,17.5
72,21.0
73,6.45
74,6.79
75,69.0
76,9.5
77,8.5
78,106.0
79,9.8
80,5.85
81,18.0
82,31.0
83,9.5
84,11.2
85,21.0
86,8.7
87,4.7
88,12.8
89,12.7
90,15.8
91,26.9
92,6.6
93,8.9
94,16.0
95,62.0
96,54.0
97,9.8
98,7.89
99,11.0
100,5.4
101,4.68
102,21.0
103,5.49
104,9.99
105,13.0
106,3.95
107,7.88
108,8.5
109,8.9
110,54.0
111,2.8
112,28.0
113,42.5
114,15.9
115,80.0
116,12.9
117,3.15
118,6.4
119,13.3
120,18.5
121,8.9
122,7.5
123,26.0
124,12.4
125,8.1
126,4.2
127,4.68
128,53.0
129,6.8
130,6.25
131,11.5
132,27.0
133,8.85
134,4.7
135,65.0
136,6.58
137,7.2
138,17.5
139,31.5
140,4.75
141,19.9
142,29.0
143,36.8
144,10.7
145,6.96
146,38.0
147,18.0
148,6.8
149,13.0
150,16.5
151,5.7
152,11.9
153,7.0
154,6.9
155,5.65
156,24.8
157,7.65
158,9.45
159,2.25
160,4.75
161,16.0
162,23.0
163,6.8
164,3.5
165,6.9
166,8.5
167,13.7
168,8.3
169,9.8
170,7.0
171,22.5
172,18.0
173,18.9
174,9.99
175,7.6
176,4.38
177,35.0
178,7.2
179,8.35
180,9.5
181,3.98
182,13.3
183,7.25
184,9.3
185,8.0
186,6.99
187,6.5
188,10.0
189,6.2
190,4.3
191,9.5
192,6.2
193,23.8
194,7.49
195,14.2
196,20.7
197,6.25
198,5.2
199,6.79
200,12.99
201,8.5
202,58.056
203,5.3
204,23.5
205,7.6
206,45.0
207,7.6
208,15.5
209,10.4
210,10.8
211,17.5
212,7.79
213,9.4
214,18.5
215,25.0
216,4.45
217,9.5
218,6.99
219,46.0
220,4.75
221,6.4
222,6.55
223,8.9
224,7.2
225,8.65
226,6.8
227,9.8
228,8.9
229,49.0
230,22.0
231,4.5
232,6.3
233,9.5
234,25.0
235,11.5
236,10.0
237,16.5
238,16.0
239,9.8
240,32.0
241,18.5
242,7.4
243,23.0
244,7.29
245,160.0
246,6.99
247,5.6
248,8.8
249,16.9
250,9.0
251,11.5
252,5.95
253,8.5
254,22.0
255,5.39
256,25.0
257,26.5
258,13.0
259,19.2
260,8.55
261,22.5
262,6.3
263,15.5
264,30.0
265,11.2
266,55.0
267,10.0
268,18.0
269,4.7
270,2.65
271,12.7
272,29.8
273,9.8
274,68.6
275,8.0
276,8.1
277,13.5
278,6.89
279,8.0
280,8.9
281,10.0
282,22.0
283,5.9
284,7.45
285,9.95
286,9.6
287,2.85
288,18.5
289,4.95
290,7.35
291,34.0
292,24.8
293,6.85
294,5.39
295,8.3
296,17.9
297,7.35
298,10.3
299,5.9
300,5.75
301,6.79
302,6.99
303,12.3
304,7.8
305,9.6
306,6.95
307,9.55
308,14.4
309,8.0
310,6.4
311,23.9
312,8.28
313,25.0
314,3.9
315,15.5
316,8.7
317,3.85
318,3.86
319,8.8
320,20.9
321,5.55
322,29.9
323,35.0
324,28.0
325,7.4
326,7.4
327,8.0
328,5.2
329,18.0
330,26.5
331,4.68
332,8.0
333,11.0
334,18.7
335,5.5
336,18.9
337,35.0
338,5.9
339,5.65
340,6.55
341,8.9
342,11.7
343,33.0
344,8.5
345,7.65
346,5.69
347,15.5
348,6.6
349,11.0
350,6.5
351,6.99
352,30.0
353,12.5
354,16.9
355,9.9
356,23.5
357,5.25
358,5.35
359,12.5
360,5.6
361,7.8
362,8.7
363,3.5
364,6.4
365,4.7
366,5.39
367,7.8
368,5.0
369,9.4
370,69.0
371,8.7
372,8.9
373,16.2
374,16.0
375,59.0
376,8.5
377,6.35
378,6.5
379,9.7
380,9.3
381,2.35
382,4.98
383,7.8
384,4.7
385,21.0
386,6.6
387,9.6
388,11.5
389,6.49
390,14.99
391,17.3
392,9.5
393,10.2
394,9.9
395,27.0
396,4.25
397,4.2
398,23.5
399,24.9
400,6.7
401,180.0
402,7.9
403,35.0
404,34.0
405,15.0
406,9.0
407,9.8
408,10.5
409,8.8
410,12.5
411,14.2
412,3.35
413,7.2
414,2.8
415,7.0
416,12.8
417,7.3
418,8.7
419,7.45
420,7.95
421,39.0
422,87.0
423,5.6
424,15.0
425,10.9
426,8.8
427,17.0
428,16.9
429,15.5
430,8.8
431,9.7
432,5.59
433,4.8
434,30.5
435,3.45
436,5.98
437,7.79
438,3.5
439,27.0
440,7.5
441,10.9
442,9.0
443,22.0
444,4.6
445,12.6
446,80.0
447,21.0
448,23.0
449,17.8
450,16.79
451,10.0
452,3.6
453,13.5
454,9.5
455,9.9
456,16.79
457,7.25
458,8.4
459,7.3
460,16.9
461,11.8
462,22.0
463,4.85
464,17.5
465,11.95
466,11.5
467,78.0
468,22.0
469,6.5
470,35.0
471,37.0
472,5.99
473,8.8
474,10.5
475,8.7
476,28.7
477,8.2
478,13.5
479,8.0
480,10.0
481,19.0
482,59.0
483,150.0
484,7.9
485,5.85
486,350.0
487,38.3
488,4.4
489,6.4
490,6.68
491,33.0
492,7.9
493,7.5
494,5.35
495,7.99
496,7.18
497,8.95
498,10.8
499,4.9
500,16.5
501,6.99
502,24.0
503,5.65
504,8.6
505,5.79
506,4.38
507,5.35
508,6.85
509,48.0
510,7.55
511,6.3
512,25.5
513,23.5
514,7.0
515,13.9
516,11.5
517,22.0
518,15.0
519,5.4
520,18.5
521,28.8
522,6.6
523,8.9
524,7.3
525,5.67
526,11.9
527,11.0
528,6.5
529,3.5
530,6.8
531,7.3
532,5.99
533,9.5
534,7.6
535,7.8
536,6.95
537,8.59
538,8.45
539,9.9
540,19.8
541,14.5
542,17.8
543,6.8
544,48.0
545,6.79
546,5.7
547,8.4
548,3.99
549,9.7
550,6.77
551,3.9
552,15.5
553,66.0
554,8.48
555,34.0
556,16.9
557,7.09
558,6.5
559,13.9
560,13.855
561,175.0
562,5.5
563,11.7
564,3.9
565,9.8
566,16.0
567,6.3
568,15.9
569,6.59
570,7.68
571,85.0
572,16.8
573,21.5
574,7.68
575,3.6
576,65.0
577,5.0
578,28.5
579,5.6
580,2.3
581,9.3
582,4.2
583,12.8
584,8.66
585,39.9
586,12.7
587,32.0
588,6.78
589,17.5
590,7.5
591,26.0
592,7.3
593,6.6
594,6.7
595,9.8
596,6.9
597,17.5
598,14.99
599,7.2
600,29.0
601,12.6
602,8.88
603,7.3
604,28.0
605,12.5
606,32.0
607,7.85
608,6.9
609,9.8
610,8.3
611,4.95
612,5.75
613,4.8
614,13.8
615,7.8
616,7.5
617,6.9
618,14.6
619,45.0
620,7.5
621,5.55
622,16.2
623,9.2
624,14.5
625,8.4
626,2.35
627,115.0
628,5.75
629,5.4
630,9.0
631,8.0
632,10.2
633,6.6
634,41.0
635,6.79
636,5.0
637,30.0
638,11.8
639,7.4
640,4.8
641,31.0
642,21.0
643,12.5
644,4.6
645,6.4
646,36.0
647,10.0
648,6.65
649,4.5
650,18.0
651,27.5
652,8.9
653,18.5
654,4.39
655,5.3
656,5.6
657,19.9
658,5.4
659,5.7
660,7.6
661,3.88
662,32.5
663,7.78
664,4.37
665,10.15
666,12.5
667,28.0
668,4.97
669,19.5
670,6.8
671,36.5
672,9.5
673,4.05
674,5.8
675,6.8
676,9.15
677,9.8
678,6.5
679,25.0
680,3.6
681,6.9
682,3.55
683,9.5
684,30.0
685,25.6
686,5.68
687,3.8
688,3.99
689,23.5
690,5.95
691,8.49
692,7.3
693,2.98
694,7.9
695,6.68
696,4.5
697,4.85
698,42.0
699,4.6
700,12.9
701,17.8
702,72.0
703,11.5
704,300.0
705,16.7
706,12.5
707,13.5
708,5.97
709,10.0
710,8.2
711,11.5
712,72.5
713,4.15
714,10.0
715,4.8
716,10.0
717,3.2
718,7.7
719,6.9
720,4.79
721,700.0
722,5.5
723,13.9
724,27.5
725,8.9
726,35.0
727,21.0
728,10.0
729,85.0
730,5.95
731,9.8
732,88.0
733,9.0
734,5.65
735,9.8
736,8.5
737,8.8
738,8.5
739,6.1
740,14.8
741,5.79
742,6.7
743,6.98
744,7.45
745,135.0
746,40.0
747,24.8
748,7.0
749,8.1
750,34.5
751,7.8
752,6.58
753,23.8
754,6.55
755,3.5
756,8.4
757,5.6
758,6.78
759,29.5
760,30.0
761,7.7
762,55.0
763,16.8
764,11.9
765,13.0
766,9.45
767,8.5
768,13.5
769,5.75
770,17.9
771,4.75
772,17.5
773,8.0
774,4.7
775,22.0
776,5.45
777,15.5
778,3.45
779,3.8
780,5.8
781,2.65
782,8.4
783,8.8
784,7.7
785,18.9
786,7.3
787,7.5
788,9.8
789,12.6
790,23.0
791,27.8
792,11.3
793,35.5
794,23.0
795,7.69
796,12.5
797,6.7
798,3.3
799,173.0
800,24.0
801,4.8
802,5.5
803,16.7
804,47.0
805,12.35
806,4.55
807,7.25
808,8.4
809,8.8
810,5.8
811,16.9
812,33.8
813,68.0
814,2.35
815,5.75
816,18.0
817,175.0
818,28.5
819,17.8
820,3.4
821,6.35
822,7.5
823,8.8
824,5.97
825,7.88
826,45.0
827,6.5
828,10.8
829,4.95
830,29.0
831,16.8
832,26.99
833,8.6
834,43.0
835,4.45
836,5.6
837,9.0
838,180.0
839,12.99
840,7.2
841,16.7
842,19.5
843,99.0
844,15.0
845,38.5
846,15.5
847,9.0
848,14.5
849,65.0
850,9.8
851,6.6
852,11.0
853,9.7
854,27.5
855,7.5
856,4.95
857,9.5
858,13.8
859,21.5
860,25.9
861,5.95
862,7.5
863,6.6
864,7.6
865,22.0
866,13.5
867,5.19
868,13.2
869,4.2
870,6.5
871,12.8
872,2.7
873,7.9
874,12.5
875,5.9
876,39.5
877,3.7
878,19.5
879,7.4
880,4.8
881,18.6
882,29.0
883,5.55
884,9.9
885,8.2
886,6.1
887,6.1
888,7.68
889,4.8
890,28.5
891,9.99
892,26.99
893,9.45
894,20.2
895,22.5
896,29.5
897,5.39
898,5.4
899,16.0
900,3.99
901,4.85
902,22.379
903,26.0
904,10.8
905,6.75
906,23.5
907,25.0
908,4.55
909,22.0
910,6.89
911,4.1
912,39.0
913,4.18
914,5.1
915,4.55
916,7.3
917,9.9
918,98.0
919,5.79
920,9.7
921,39.0
922,29.8
923,4.7
924,8.3
925,4.7
926,7.0
927,8.7
928,8.5
929,9.8
930,17.3
931,13.49
932,9.49
933,12.7
934,4.3
935,8.2
936,60.0
937,4.69
938,8.3
939,6.65
940,18.7
941,9.5
942,6.65
943,9.45
944,62.0
945,13.5
946,7.0
947,40.0
948,4.4
949,7.5
950,28.5
951,8.0
952,2.5
953,15.9
954,6.3
955,7.89
956,22.5
957,28.6
958,11.8
959,8.49
960,8.5
961,7.3
962,12.5
963,13.3
964,6.6
965,6.1
966,6.3
967,15.9
968,12.59
969,8.0
970,8.1
971,14.9
972,24.8
973,7.6
974,5.5
975,36.0
976,4.73
977,20.8
978,13.3
979,5.8
980,8.5
981,13.5
982,14.4
983,6.3
984,9.2
985,4.78
986,14.5
987,4.9
988,9.9
989,24.0
990,22.0
991,11.3
992,5.4
993,13.8
994,8.3
995,29.0
996,34.6
997,3.7
998,9.9
999,26.5
1000,16.0
1001,6.95
1002,5.9
1003,23.0
1004,3.65
1005,25.0
1006,15.0
1007,5.99
1008,17.2
1009,6.2
1010,11.3
1011,18.5
1012,30.0
1013,15.9
1014,9.0
1015,19.5
1016,7.65
1017,24.5
1018,13.8
1019,8.5
1020,5.8
1021,4.25
1022,7.99
1023,2.59
1024,8.0
1025,14.0
1026,6.5
1027,5.8
1028,3.5
1029,56.0
1030,24.6
1031,5.15
1032,7.4
1033,16.9
1034,18.9
1035,18.6
1036,5.65
1037,4.6
1038,19.5
1039,6.35
1040,21.8
1041,15.2
1042,9.2
1043,6.2
1044,8.5
1045,7.6
1046,4.39
1047,7.88
1048,5.5
1049,10.3
1050,8.1
1051,430.0
1052,10.3
1053,9.2
1054,18.9
1055,5.49
1056,2.89
1057,7.5
1058,26.0
1059,8.2
1060,12.0
1061,40.68
1062,27.8
1063,8.3
1064,13.3
1065,7.69
1066,9.9
1067,7.1
1068,19.8
1069,17.5
1070,8.7
1071,10.2
1072,59.0
1073,26.0
1074,9.9
1075,4.75
1076,9.76
1077,4.9
1078,8.5
1079,31.5
1080,5.3
1081,8.6
1082,4.59
1083,5.7
1084,15.19
1085,7.6
1086,7.0
1087,6.3
1088,23.0
1089,7.3
1090,220.0
1091,17.5
1092,12.8
1093,6.5
1094,5.7
1095,3.0
1096,19.7
1097,26.0
1098,12.99
1099,6.98
1100,6.15
1101,19.9
1102,7.6
1103,11.8
1104,44.5
1105,8.9
1106,34.0
1107,100.0
1108,9.95
1109,600.0
1110,7.5
1111,8.7
1112,47.0
1113,9.9
1114,17.0
1115,6.8
1116,12.5
1117,6.35
1118,3.1
1119,6.15
1120,5.9
1121,9.6
1122,5.3
1123,6.35
1124,11.9
1125,3.95
1126,26.0
1127,6.45
1128,13.0
1129,41.0
1130,6.3
1131,18.0
1132,3.68
1133,8.8
1134,8.6
1135,4.2
1136,13.9
1137,6.4
1138,15.0
1139,9.4
1140,12.9
1141,6.5
1142,8.98
1143,6.93
1144,11.5
1145,5.7
1146,8.9
1147,25.0
1148,14.2
1149,7.0
1150,15.5
1151,5.9
1152,23.0
1153,16.9
1154,29.0
1155,6.2
1156,13.8
1157,19.5
1158,6.95
1159,8.75
1160,9.9
1161,5.8
1162,7.9
1163,35.0
1164,21.0
1165,5.2
1166,13.5
1167,5.55
1168,12.5
1169,25.0
1170,33.5
1171,7.3
1172,12.29
1173,13.1
1174,7.39
1175,5.58
1176,12.9
1177,6.3
1178,10.0
1179,9.5
1180,38.0
1181,8.9
1182,6.0
1183,6.18
1184,16.5
1185,6.6
1186,8.9
1187,35.5
1188,15.5
1189,3.6
1190,7.7
1191,8.9
1192,5.2
1193,26.0
1194,24.0
1195,25.0
1196,24.0
1197,20.5
1198,8.2
1199,6.5
1200,10.45
1201,16.5
1202,10.0
1203,7.45
1204,8.5
1205,9.9
1206,7.98
1207,7.8
1208,7.35
1209,4.13
1210,110.0
1211,5.8
1212,15.0
1213,6.4
1214,6.9
1215,29.8
1216,10.0
1217,25.0
1218,10.5
1219,10.0
1220,12.9
1221,7.3
1222,7.58
1223,5.2
1224,13.9
1225,8.89
1226,108.0
1227,6.74
1228,2.9
1229,85.0
1230,10.99
1231,6.65
1232,5.8
1233,6.2
1234,29.8
1235,10.0
1236,12.9
1237,8.25
1238,10.6
1239,11.7
1240,10.6
1241,5.87
1242,11.5
1243,9.99
1244,9.5
1245,27.8
1246,17.6
1247,3.9
1248,4.63
1249,15.0
1250,14.0
1251,4.5
1252,7.3
1253,8.9
1254,9.5
1255,25.0
1256,14.8
1257,8.8
1258,23.8
1259,5.5
1260,5.18
1261,5.58
1262,13.5
1263,4.2
1264,9.6
1265,13.6
1266,3.75
1267,5.2
1268,3.15
1269,12.3
1270,8.5
1271,10.9
1272,5.2
1273,18.0
1274,6.3
1275,6.38
1276,15.5
1277,11.9
1278,11.69
1279,7.6
1280,8.0
1281,26.6
1282,3.35
1283,10.0
1284,31.0
1285,8.9
1286,3.2
1287,5.5
1288,3.5
1289,5.85
1290,9.9
1291,17.8
1292,12.8
1293,8.8
1294,7.05
1295,53.0
1296,6.8
1297,10.0
1298,5.35
1299,33.0
1300,38.0
1301,6.7
1302,9.5
1303,16.0
1304,4.79
1305,3.4
1306,11.5
1307,5.4
1308,15.3
1309,8.2
1310,43.0
1311,6.3
1312,6.5
1313,19.5
1314,20.0
1315,7.5
1316,8.95
1317,9.5
1318,20.5
1319,16.5
1320,17.9
1321,7.58
1322,11.95
1323,10.9
1324,390.0
1325,40.0
1326,7.8
1327,33.5
1328,34.0
1329,8.2
1330,10.5
1331,23.9
1332,17.0
1333,12.3
1334,8.5
1335,9.5
1336,21.0
1337,7.6
1338,5.2
1339,26.0
1340,4.95
1341,15.5
1342,5.8
1343,8.99
1344,12.0
1345,8.4
1346,6.38
1347,5.8
1348,7.7
1349,14.99
1350,8.5
1351,6.2
1352,10.0
1353,19.0
1354,44.0
1355,15.5
1356,9.97
1357,8.9
1358,14.0
1359,9.3
1360,12.2
1361,18.9
1362,6.35
1363,24.0
1364,3.98
1365,4.2
1366,49.0
1367,14.8
1368,7.29
1369,7.0
1370,12.5
1371,10.8
1372,4.79
1373,4.78
1374,9.5
1375,51.0
1376,9.2
1377,2.5
1378,8.49
1379,29.0
1380,6.6
1381,12.0
1382,9.3
1383,7.5
1384,145.0
1385,7.5
1386,4.98
1387,8.28
1388,8.8
1389,26.0
1390,9.8
1391,11.0
1392,8.8
1393,5.8
1394,4.9
1395,5.68
1396,10.7
1397,15.5
1398,6.5
1399,6.2
1400,2.75
1401,5.78
1402,6.99
1403,7.6
1404,8.6
1405,5.9
1406,2.05
1407,4.79
1408,5.45
1409,6.1
1410,4.3
1411,7.3
1412,5.7
1413,4.0
1414,3.25
1415,9.9
1416,6.95
1417,8.55
1418,8.5
1419,7.8
1420,10.6
1421,5.8
1422,4.2
1423,79.0
1424,29.5
1425,4.2
1426,3.2
1427,5.29
1428,23.5
1429,18.2
1430,22.0
1431,9.5
1432,26.0
1433,3.7
1434,18.9
1435,6.3
1436,9.5
1437,13.6
1438,165.0
1439,64.98
1440,14.5
1441,6.4
1442,4.7
1443,7.5
1444,7.99
1445,5.6
1446,21.0
1447,5.4
1448,5.4
1449,8.59
1450,7.2
1451,6.0
1452,7.2
1453,27.0
1454,8.45
1455,7.3
1456,16.5
1457,7.2
1458,56.0
1459,
1460,5.75
1461,3.8
1462,8.0
1463,4.35
1464,4.3
1465,6.7
1466,6.6
1467,7.4
1468,2.5
1469,5.68
1470,4.95
1471,4.5
1472,11.9
1473,2.7
1474,11.5
1475,11.5
1476,3.94
1477,8.9
1478,5.99
1479,23.0
1480,5.2
1481,7.6
1482,23.5
1483,6.45
1484,7.6
1485,4.2
1486,15.8
1487,8.2
1488,7.55
1489,4.3
1490,5.18
1491,7.9
1492,18.5
1493,7.95
1494,10.0
1495,70.0
1496,110.0
1497,6.7
1498,7.49
1499,47.0
1500,23.0
1501,25.0
1502,9.3
1503,9.5
1504,21.5
1505,9.9
1506,10.0
1507,41.5
1508,6.39
1509,4.1
1510,21.0
1511,9.5
1512,28.0
1513,6.99
1514,450.0
1515,6.5
1516,6.78
1517,22.0
1518,3.59
1519,6.5
1520,27.0
1521,12.9
1522,75.0
1523,19.5
1524,9.5
1525,8.0
1526,15.0
1527,7.5
1528,5.3
1529,4.7
1530,22.9
1531,7.6
1532,55.0
1533,7.5
1534,27.8
1535,95.0
1536,6.19
1537,5.98
1538,33.9
1539,10.8
1540,9.9
1541,10.0
1542,34.0
1543,3.3
1544,14.8
1545,3.99
1546,1.68
1547,8.9
1548,11.5
1549,6.2
1550,4.0
1551,4.7
1552,29.9
1553,5.4
1554,19.0
1555,12.6
1556,5.25
1557,19.8
1558,8.58
1559,8.5
1560,129.0
1561,6.95
1562,8.9
1563,9.5
1564,34.0
1565,8.7
1566,7.5
1567,16.7
1568,14.95
1569,9.4
1570,5.6
1571,9.4
1572,26.0
1573,6.3
1574,8.9
1575,5.69
1576,52.0
1577,5.2
1578,7.58
1579,5.2
1580,10.2
1581,6.19
1582,4.95
1583,16.6
1584,7.5
1585,7.8
1586,5.4
1587,73.0
1588,12.3
1589,25.0
1590,11.0
1591,10.6
1592,29.5
1593,3.99
1594,25.0
1595,7.9
1596,5.87
1597,67.0
1598,16.3
1599,16.7
1600,5.5
1601,5.6
1602,3.9
1603,5.1
1604,16.5
1605,8.6
1606,12.9
1607,36.0
1608,7.8
1609,8.0
1610,17.5
1611,10.8
1612,9.5
1613,7.8
1614,15.4
1615,17.5
1616,5.2
1617,22.0
1618,17.9
1619,23.0
1620,13.3
1621,28.0
1622,5.3
1623,48.0
1624,14.0
1625,6.45
1626,41.6
1627,4.8
1628,3.99
1629,11.9
1630,5.4
1631,5.75
1632,8.1
1633,6.9
1634,7.1
1635,12.0
1636,35.0
1637,60.0
1638,7.2
1639,7.99
1640,7.3
1641,9.5
1642,27.9
1643,6.5
1644,107.0
1645,6.0
1646,35.0
1647,5.95
1648,11.8
1649,8.3
1650,20.5
1651,9.2
1652,9.8
1653,18.6
1654,13.5
1655,3.75
1656,3.9
1657,27.0
1658,11.4
1659,11.5
1660,6.8
1661,4.3
1662,19.5
1663,4.47
1664,158.0
1665,10.8
1666,22.0
1667,6.3
1668,9.5
1669,23.0
1670,25.0
1671,7.65
1672,85.0
1673,16.9
1674,4.58
1675,154.0
1676,19.5
1677,32.0
1678,8.95
1679,6.55
1680,9.9
1681,9.9
1682,83.0
1683,19.6
1684,6.95
1685,6.89
1686,31.0
1687,8.16
1688,16.3
1689,5.6
1690,4.95
1691,7.5
1692,8.0
1693,6.99
1694,7.79
1695,72.0
1696,11.9
1697,6.2
1698,9.0
1699,10.5
1700,35.0
1701,12.0
1702,24.5
1703,9.5
1704,9.9
1705,12.3
1706,5.1
1707,19.2
1708,16.8
1709,13.9
1710,24.9
1711,6.85
1712,8.3
1713,35.0
1714,3.59
1715,12.5
1716,9.5
1717,6.94
1718,9.5
1719,4.58
1720,7.35
1721,25.2
1722,7.9
1723,160.0
1724,24.0
1725,6.1
1726,88.0
1727,10.8
1728,18.9
1729,9.48
1730,11.8
1731,10.4
1732,7.9
1733,4.7
1734,3.1
1735,6.5
1736,8.2
1737,12.9
1738,8.68
1739,12.5
1740,9.7
1741,10.99
1742,17.5
1743,7.2
1744,13.6
1745,9.5
1746,5.9
1747,21.0
1748,8.7
1749,7.4
1750,2.9
1751,6.0
1752,5.5
1753,4.68
1754,15.0
1755,22.0
1756,2.8
1757,5.65
1758,20.5
1759,28.0
1760,9.5
1761,28.0
1762,7.5
1763,11.5
1764,10.95
1765,5.15
1766,10.7
1767,58.0
1768,26.0
1769,7.0
1770,13.6
1771,6.38
1772,135.0
1773,25.0
1774,4.58
1775,3.7
1776,28.0
1777,7.2
1778,27.5
1779,7.49
1780,21.0
1781,16.0
1782,32.0
1783,27.0
1784,6.35
1785,4.45
1786,9.5
1787,10.0
1788,6.1
1789,12.5
1790,8.3
1791,8.3
1792,7.6
1793,21.5
1794,7.2
1795,7.55
1796,4.98
1797,6.25
1798,14.99
1799,32.0
1800,17.0
1801,399.0
1802,5.99
1803,5.5
1804,6.8
1805,7.5
1806,185.0
1807,4.5
1808,5.6
1809,125.0
1810,7.3
1811,17.5
1812,11.7
1813,24.9
1814,9.4
1815,4.98
1816,135.0
1817,33.0
1818,5.79
1819,6.7
1820,24.5
1821,12.5
1822,15.8
1823,7.4
1824,23.5
1825,7.99
1826,8.1
1827,6.9
1828,7.4
1829,7.8
1830,11.5
1831,13.9
1832,7.3
1833,18.3
1834,12.5
1835,8.9
1836,5.7
1837,6.98
1838,8.8
1839,19.5
1840,11.4
1841,43.0
1842,9.95
1843,6.3
1844,23.0
1845,9.3
1846,7.15
1847,13.0
1848,10.8
1849,57.9
1850,18.5
1851,150.0
1852,8.68
1853,4.79
1854,14.5
1855,26.9
1856,3.39
1857,65.0
1858,4.95
1859,36.5
1860,32.8
1861,20.5
1862,7.1
1863,3.6
1864,3.2
1865,4.79
1866,7.2
1867,18.5
1868,5.15
1869,7.9
1870,5.45
1871,11.99
1872,4.7
1873,9.2
1874,4.5
1875,3.6
1876,31.5
1877,26.0
1878,17.9
1879,4.68
1880,5.2
1881,27.0
1882,26.5
1883,7.4
1884,5.68
1885,7.75
1886,13.9
1887,8.245
1888,6.95
1889,9.8
1890,8.3
1891,4.58
1892,8.7
1893,12.9
1894,4.5
1895,16.5
1896,85.0
1897,7.8
1898,7.92
1899,4.8
1900,12.5
1901,12.49
1902,8.68
1903,26.0
1904,7.3
1905,7.0
1906,7.9
1907,4.6
1908,4.4
1909,2.65
1910,35.0
1911,14.7
1912,2.4
1913,9.9
1914,15.9
1915,8.0
1916,5.95
1917,36.8
1918,7.5
1919,6.7
1920,6.95
1921,15.0
1922,6.95
1923,5.9
1924,11.5
1925,7.8
1926,15.5
1927,38.0
1928,3.7
1929,7.35
1930,8.88
1931,8.5
1932,41.0
1933,9.5
1934,20.0
1935,7.75
1936,5.85
1937,16.9
1938,12.5
1939,12.0
1940,5.1
1941,37.0
1942,24.8
1943,8.3
1944,19.9
1945,4.2
1946,10.8
1947,8.7
1948,7.5
1949,8.69
1950,4.3
1951,7.48
1952,6.5
1953,7.95
1954,4.8
1955,12.0
1956,4.8
1957,20.5
1958,6.1
1959,6.05
1960,2.2
1961,19.5
1962,31.0
1963,6.5
1964,5.4
1965,8.6
1966,9.0
1967,24.0
1968,6.5
1969,6.3
1970,27.9
1971,4.8
1972,9.8
1973,33.0
1974,3.7
1975,20.9
1976,27.0
1977,14.0
1978,6.5
1979,62.0
1980,15.5
1981,6.5
1982,168.0
1983,7.35
1984,6.9
1985,8.4
1986,43.0
1987,16.5
1988,22.0
1989,17.0
1990,12.5
1991,5.95
1992,11.5
1993,4.89
1994,15.3
1995,30.0
1996,43.0
1997,4.5
1998,5.9
1999,26.0
2000,9.5
2001,8.3
2002,380.0
2003,10.6
2004,29.0
2005,8.4
2006,25.99
2007,15.0
2008,15.2
2009,45.3
2010,6.4
2011,8.4
2012,5.15
2013,3.38
2014,6.8
2015,17.3
2016,5.9
2017,8.6
2018,8.5
2019,14.9
2020,5.5
2021,7.8
2022,7.05
2023,21.9
2024,6.49
2025,18.6
2026,15.5
2027,4.93
2028,4.9
2029,19.8
2030,8.95
2031,7.2
2032,22.0
2033,5.55
2034,11.5
2035,4.3
2036,4.65
2037,3.9
2038,5.4
2039,125.0
2040,9.99
2041,4.25
2042,5.6
2043,33.0
2044,11.0
2045,8.99
2046,16.9
2047,22.0
2048,5.6
2049,10.9
2050,9.2
2051,9.89
2052,9.0
2053,25.8
2054,17.5
2055,2.9
2056,5.45
2057,32.5
2058,5.5
2059,18.5
2060,12.5
2061,7.0
2062,6.18
2063,35.0
2064,8.65
2065,5.39
2066,8.5
2067,19.0
2068,15.8
2069,6.3
2070,5.95
2071,6.5
2072,4.9
2073,27.0
2074,5.9
2075,7.95
2076,6.08
2077,11.9
2078,8.63
2079,8.95
2080,5.48
2081,50.0
2082,4.98
2083,6.5
2084,5.5
2085,8.6
2086,7.59
2087,6.8
2088,34.0
2089,6.95
2090,6.5
2091,17.5
2092,12.5
2093,238.0
2094,33.9
2095,4.95
2096,19.5
2097,300.0
2098,8.9
2099,25.9
2100,7.7
2101,6.38
2102,6.9
2103,3.15
2104,7.5
2105,6.5
2106,29.9
2107,4.5
2108,9.7
2109,17.0
2110,13.9
2111,13.6
2112,8.9
2113,7.89
2114,21.5
2115,18.9
2116,13.9
2117,5.29
2118,14.0
2119,7.4
2120,8.5
2121,5.6
2122,5.4
2123,12.8
2124,4.59
2125,23.8
2126,6.35
2127,9.7
2128,6.8
2129,21.0
2130,40.0
2131,6.9
2132,8.55
2133,16.5
2134,9.5
2135,9.5
2136,6.66
2137,8.7
2138,6.5
2139,25.0
2140,8.2
2141,8.16
2142,8.0
2143,9.9
2144,5.4
2145,14.2
2146,15.0
2147,23.0
2148,6.0
2149,34.0
2150,290.0
2151,12.8
2152,9.9
2153,3.6
2154,26.5
2155,5.29
2156,12.5
2157,10.5
2158,12.89
2159,14.5
2160,15.0
2161,59.0
2162,11.3
2163,15.7
2164,4.99
2165,18.0
2166,6.3
2167,8.6
2168,7.2
2169,4.45
2170,43.0
2171,28.8
2172,10.0
2173,11.8
2174,5.99
2175,5.25
2176,6.18
2177,9.9
2178,4.25
2179,11.5
2180,7.95
2181,15.0
2182,8.9
2183,12.8
2184,7.48
2185,5.5
2186,9.9
2187,12.0
2188,16.5
2189,7.88
2190,5.79
2191,90.0
2192,10.39
2193,14.3
2194,8.55
2195,14.5
2196,11.48
2197,7.5
2198,13.9
2199,160.0
2200,9.9
2201,5.75
2202,5.9
2203,3.4
2204,31.0
2205,26.0
2206,4.95
2207,8.78
2208,4.95
2209,20.99
2210,7.8
2211,13.0
2212,15.4
2213,6.95
2214,16.8
2215,9.2
2216,9.9
2217,6.59
2218,4.3
2219,24.0
2220,18.9
2221,25.5
2222,7.2
2223,30.0
2224,4.4
2225,4.74
2226,11.5
2227,10.2
2228,7.0
2229,4.05
2230,25.0
2231,8.3
2232,15.6
2233,10.4
2234,48.0
2235,16.5
2236,5.6
2237,10.0
2238,80.0
2239,7.2
2240,8.5
2241,12.0
2242,26.8
2243,6.5
2244,9.8
2245,6.4
2246,10.2
2247,16.9
2248,5.5
2249,28.6
2250,8.7
2251,65.0
2252,10.0
2253,7.5
2254,4.85
2255,11.0
2256,9.5
2257,7.6
2258,16.4
2259,12.9
2260,6.5
2261,12.5
2262,10.8
2263,16.8
2264,3.6
2265,19.0
2266,7.2
2267,15.7
2268,8.4
2269,2.4
2270,8.5
2271,9.5
2272,25.0
2273,6.3
2274,6.7
2275,13.5
2276,4.05
2277,4.39
2278,3.97
2279,15.5
2280,8.5
2281,16.0
2282,7.5
2283,5.79
2284,16.9
2285,32.0
2286,5.75
2287,6.6
2288,7.49
2289,25.9
2290,36.0
2291,8.8
2292,8.25
2293,5.6
2294,10.0
2295,12.9
2296,26.5
2297,5.35
2298,7.68
2299,17.9
2300,6.8
2301,8.4
2302,11.9
2303,8.6
2304,9.5
2305,8.0
2306,19.5
2307,7.5
2308,11.5
2309,17.99
2310,62.0
2311,19.0
2312,14.7
2313,25.0
2314,12.3
2315,2.4
2316,12.2
2317,7.5
2318,6.55
2319,12.9
2320,10.9
2321,5.35
2322,4.95
2323,8.4
2324,3.99
2325,7.35
2326,8.65
2327,66.0
2328,15.0
2329,16.9
2330,250.0
2331,8.5
2332,23.9
2333,650.0
2334,13.8
2335,21.0
2336,16.9
2337,8.8
2338,37.0
2339,31.9
2340,7.99
2341,9.4
2342,33.5
2343,22.5
2344,7.99
2345,4.992
2346,24.8
2347,6.6
2348,9.9
2349,9.6
2350,8.9
2351,5.0
2352,5.8
2353,11.5
2354,7.2
2355,17.5
2356,13.5
2357,9.99
2358,23.9
2359,8.9
2360,10.7
2361,9.9
2362,4.19
2363,8.65
2364,4.92
2365,16.5
2366,5.37
2367,13.5
2368,7.65
2369,20.9
2370,6.5
2371,11.5
2372,8.7
2373,18.5
2374,4.2
2375,53.0
2376,7.48
2377,29.4
2378,9.9
2379,6.9
2380,29.5
2381,3.75
2382,21.5
2383,6.8
2384,6.28
2385,23.0
2386,15.5
2387,18.3
2388,6.39
2389,4.7
2390,18.0
2391,12.5
2392,4.3
2393,75.0
2394,11.8
2395,4.85
2396,4.85
2397,18.5
2398,14.0
2399,7.35
2400,29.5
2401,4.8
2402,50.0
2403,59.0
2404,8.6
2405,6.99
2406,3.5
2407,5.5
2408,6.3
2409,4.62
2410,7.97
2411,31.0
2412,6.55
2413,18.5
2414,8.5
2415,140.0
2416,9.7
2417,7.8
2418,5.75
2419,8.4
2420,14.0
2421,7.9
2422,8.2
2423,12.5
2424,21.5
2425,24.0
2426,16.8
2427,8.6
2428,22.0
2429,7.4
2430,9.5
2431,6.4
2432,9.3
2433,3.6
2434,28.0
2435,7.9
2436,1.95
2437,7.9
2438,28.0
2439,62.9
2440,7.5
2441,7.1
2442,3.1
2443,6.5
2444,5.35
2445,24.99
2446,6.85
2447,6.9
2448,5.3
2449,31.99
2450,6.2
2451,9.1
2452,13.7
2453,13.8
2454,4.2
2455,12.5
2456,5.1
2457,8.2
2458,54.0
2459,6.9
2460,3.0
2461,14.5
2462,23.5
2463,8.8
2464,12.95
2465,210.0
2466,15.0
2467,20.4
2468,7.5
2469,32.0
2470,70.0
2471,9.5
2472,5.56
2473,48.0
2474,4.6
2475,7.2
2476,4.79
2477,6.98
2478,17.6
2479,6.29
2480,11.59
2481,9.8
2482,14.0
2483,17.6
2484,4.98
2485,9.5
2486,11.8
2487,15.5
2488,16.0
2489,7.3
2490,8.5
2491,19.5
2492,8.3
2493,6.38
2494,14.85
2495,5.85
2496,16.3
2497,9.6
2498,6.4
2499,9.5
2500,16.5
2501,9.45
2502,34.0
2503,6.3
2504,13.9
2505,10.8
2506,9.5
2507,55.0
2508,6.8
2509,4.55
2510,13.5
2511,6.45
2512,9.0
2513,6.93
2514,9.9
2515,6.45
2516,7.5
2517,5.3
2518,35.0
2519,18.5
2520,22.0
2521,10.6
2522,29.5
2523,12.6
2524,36.0
2525,10.6
2526,5.5
2527,4.28
2528,8.6
2529,95.0
2530,7.3
2531,10.0
2532,3.2
2533,12.9
2534,60.0
2535,4.9
2536,6.8
2537,11.6
2538,26.0
2539,5.55
2540,7.5
2541,33.0
2542,8.8
2543,16.5
2544,8.5
2545,12.0
2546,19.5
2547,9.5
2548,20.5
2549,18.5
2550,18.5
2551,8.1
2552,18.0
2553,9.85
2554,7.95
2555,38.0
2556,3.79
2557,8.45
2558,27.8
2559,10.0
2560,6.1
2561,5.68
2562,4.2
2563,5.35
2564,7.9
2565,26.99
2566,18.0
2567,7.5
2568,8.7
2569,10.0
2570,9.5
2571,9.39
2572,14.0
2573,2.95
2574,3.68
2575,17.0
2576,4.58
2577,4.2
2578,85.0
2579,14.8
2580,6.8
2581,7.99
2582,5.7
2583,6.5
2584,4.5
2585,9.99
2586,22.0
2587,11.8
2588,3.68
2589,22.0
2590,5.5
2591,7.5
2592,115.0
2593,7.19
2594,11.8
2595,9.5
2596,11.5
2597,22.0
2598,5.59
2599,7.4
2600,31.0
2601,8.3
2602,7.5
2603,6.1
2604,7.6
2605,11.99
2606,5.2
2607,17.5
2608,10.6
2609,135.0
2610,17.6
2611,5.2
2612,5.95
2613,26.5
2614,3.72
2615,5.95
2616,5.79
2617,8.85
2618,32.0
2619,8.6
2620,32.0
2621,3.15
2622,15.7
2623,1.05
2624,13.5
2625,6.9
2626,6.5
2627,8.8
2628,3.8
2629,16.8
2630,40.0
2631,14.5
2632,60.0
2633,36.0
2634,4.9
2635,11.9
2636,54.0
2637,9.99
2638,25.9
2639,4.3
2640,4.85
2641,2.8
2642,4.19
2643,17.0
2644,30.0
2645,5.8
2646,6.65
2647,7.2
2648,58.0
2649,7.5
2650,12.99
2651,5.79
2652,7.95
2653,9.5
2654,34.5
2655,22.95
2656,350.0
2657,5.75
2658,12.0
2659,10.8
2660,8.85
2661,6.5
2662,7.5
2663,27.6
2664,7.4
2665,8.8
2666,14.8
2667,10.9
2668,21.0
2669,8.6
2670,60.0
2671,15.9
2672,4.8
2673,8.24
2674,4.7
2675,17.3
2676,5.3
2677,6.39
2678,15.5
2679,6.5
2680,6.9
2681,36.0
2682,3.9
2683,19.0
2684,66.0
2685,8.2
2686,22.0
2687,9.9
2688,5.48
2689,6.7
2690,60.0
2691,9.9
2692,29.0
2693,6.6
2694,12.3
2695,19.5
2696,5.9
2697,8.9
2698,4.5
2699,16.6
2700,4.8
2701,320.0
2702,39.0
2703,5.5
2704,5.9
2705,7.3
2706,6.8
2707,33.0
2708,5.5
2709,14.6
2710,9.9
2711,20.0
2712,27.9
2713,9.0
2714,14.0
2715,8.3
2716,6.39
2717,6.59
2718,9.48
2719,5.4
2720,42.9
2721,58.3
2722,14.9
2723,30.0
2724,12.5
2725,7.2
2726,8.15
2727,7.0
2728,13.5
2729,15.9
2730,17.2
2731,4.9
2732,7.4
2733,5.25
2734,7.45
2735,19.0
2736,3.4
2737,20.0
2738,25.5
2739,16.5
2740,375.0
2741,5.85
2742,12.0
2743,11.5
2744,6.3
2745,9.5
2746,2.68
2747,28.0
2748,4.7
2749,17.5
2750,8.4
2751,35.0
2752,9.1
2753,24.9
2754,4.98
2755,12.75
2756,88.0
2757,8.6
2758,6.6
2759,15.0
2760,12.99
2761,12.8
2762,8.5
2763,15.0
2764,6.49
2765,7.99
2766,7.45
2767,9.9
2768,8.3
2769,3.3
2770,7.5
2771,5.5
2772,9.5
2773,10.5
2774,4.65
2775,4.87
2776,9.7
2777,21.0
2778,9.0
2779,22.5
2780,9.99
2781,11.7
2782,7.99
2783,6.66
2784,7.9
2785,7.8
2786,7.6
2787,13.9
2788,5.69
2789,10.0
2790,7.79
2791,26.5
2792,12.5
2793,13.8
2794,4.05
2795,8.5
2796,12.3
2797,11.5
2798,8.65
2799,7.4
2800,40.0
2801,8.3
2802,5.44
2803,12.8
2804,8.75
2805,12.0
2806,19.0
2807,9.4
2808,7.8
2809,17.0
2810,10.5
2811,7.5
2812,6.09
2813,16.8
2814,22.0
2815,9.2
2816,10.0
2817,8.4
2818,21.5
2819,10.0
2820,16.0
2821,10.0
2822,9.9
